{
  "project_info": {
    "project_number": "221944984002",
    "project_id": "cashew-conference-nou3if",
    "storage_bucket": "cashew-conference-nou3if.firebasestorage.app"
  },
  "client": [
    {
      "client_info": {
        "mobilesdk_app_id": "1:221944984002:android:b27c1ca3c95cd65084a65b",
        "android_client_info": {
          "package_name": "com.flutterflow.fluttermet"
        }
      },
      "oauth_client": [],
      "api_key": [
        {
          "current_key": "AIzaSyC0CFZ6rdSf0J_JxJ54tTBipkpFWXmZdl4"
        }
      ],
      "services": {
        "appinvite_service": {
          "other_platform_oauth_client": []
        }
      }
    },
    {
      "client_info": {
        "mobilesdk_app_id": "1:221944984002:android:e60bfdbb5e35061684a65b",
        "android_client_info": {
          "package_name": "com.flutterflow.fluttermetMyE"
        }
      },
      "oauth_client": [],
      "api_key": [
        {
          "current_key": "AIzaSyC0CFZ6rdSf0J_JxJ54tTBipkpFWXmZdl4"
        }
      ],
      "services": {
        "appinvite_service": {
          "other_platform_oauth_client": []
        }
      }
    }
  ],
  "configuration_version": "1"
}