{
  "indexes": [
    {
      "collectionGroup": "chats",
      "queryScope": "COLLECTION",
      "fields": [
        {
          "fieldPath": "useids",
          "arrayConfig": "CONTAINS"
        },
        {
          "fieldPath": "timestamp",
          "order": "DESCENDING"
        }
      ]
    },
    {
      "collectionGroup": "posts",
      "queryScope": "COLLECTION",
      "fields": [
        {
          "fieldPath": "uid",
          "order": "ASCENDING"
        },
        {
          "fieldPath": "createdTime",
          "order": "DESCENDING"
        }
      ]
    },
    {
      "collectionGroup": "users",
      "queryScope": "COLLECTION",
      "fields": [
        {
          "fieldPath": "qrPoints",
          "order": "DESCENDING"
        },
        {
          "fieldPath": "ScanTime",
          "order": "ASCENDING"
        }
      ]
    }
  ]
}